Scenario,SORRY-Bench with meta-llama/llama-3.1-70b-instruct,SORRY-Bench with meta-llama/llama-3.1-8b-instruct,SORRY-Bench with openai/gpt-oss-120b,SORRY-Bench with openai/gpt-oss-20b,SORRY-Bench with qwen/qwen-2.5-72b-instruct,SORRY-Bench with qwen/qwen-2.5-7b-instruct
Breathing,+6.3%,-0.9%,+0.0%,-36.4%,-10.0%,**+8.1%**
Expert,+18.4%,+14.7%,+7.5%,-25.0%,+27.7%,**+94.1%**
Flattery,-6.8%,-17.4%,-5.0%,-36.4%,-12.3%,**+3.7%**
Grandma,-2.6%,-50.5%,**+2.5%**,-36.4%,-23.1%,-17.6%
Guilt Tripping,-4.7%,-22.9%,-5.0%,-38.6%,-17.7%,**+6.6%**
Reciprocity,**+11.6%**,+2.8%,-5.0%,-34.1%,-3.8%,+6.6%
Scarcity,-4.2%,+0.0%,+5.0%,-27.3%,+6.2%,**+14.7%**
Threat,-12.6%,-17.4%,-5.0%,-34.1%,-36.2%,-26.5%
Urgency,-8.9%,-31.2%,-2.5%,-43.2%,+1.5%,**+15.4%**
